"name","ean","brand"
Coosur aceite de oliva virgen extra picual 1 l,"8411190101415",COOSUR
Orlando tomate frito con aceite oliva pack 3x212 ml,"8410066115723",HEINZ
Carbonell aceite de oliva virgen en spray para plancha y horno 200 ml,"8410010262688",CARBONELL
Maestros de Hojiblanca aceite de oliva virgen extra ensalada y verdura 250 ml,"8422767061148",HOJIBLANCA
Maestros de Hojiblanca aceite de oliva virgen extra 5 l,"8422767123242",HOJIBLANCA
Coosur serie oro aceite de oliva virgen 1l,"8411190034492",COOSUR
Koipe Fritos aceite de girasol para freír 1 l,"8410270210603",KOIPESOL
Maestros de Hojiblanca aceite de oliva virgen extra 1 l,"8422767123167",HOJIBLANCA
Oro Bailén aceite de oliva virgen extra arbequina 500 ml,"8437009466131",ORO BAILEN
"Carbonell aceite de oliva virgen extra 0,75 l","8410010006206",CARBONELL
Ybarra mayonesa con aceite de oliva 100% 225 ml,"8410086315257",YBARRA
Ybarra Gran Selección aceite de oliva virgen extra afrutado 750 ml,"8410086132519",YBARRA
La Española aceite de oliva virgen extra a la trufa blanca 250 ml,"8410660033652",LA ESPAÑOLA
Carbonell aceite de oliva virgen 1 l,"8410010262343",CARBONELL
Koipesol aceite de girasol spray 150 ml,"8410270211815",KOIPESOL
Oleoestepa aceite de oliva virgen extra 1 l,"8422975000069",OLEOESTEPA
Carbonell aceite de oliva virgen extra en spray para ensaladas y tostadas 200 ml,"8410010264224",CARBONELL
"Maestros de Hojiblanca aceite oliva virgen extra blend número 7, 500 ml","8422767051149",HOJIBLANCA
Ybarra aceite de oliva suave 1 l,"8410086205046",YBARRA
La Masía aceite de aguacate 250 ml,"8432580271105",LA MASIA
Koipesol Asua aceite de maíz 1 l,"8410270042204",ASUA
La Española aceite de oliva virgen extra con ajo 250 ml,"8410660101771",LA ESPAÑOLA
Aceite de oliva virgen extra hojiblanca Dcoop 1 l.,"8435291300256",dcoop
Aceite de oliva intenso 1º Carrefour garrafa 5 l.,"8431876161625",carrefour
Aceite de oliva virgen extra Carrefour spray 200 ml.,"8431876267853",carrefour
Aceite de girasol para freír Carrefour garrafa 5 l.,"8431876144697",carrefour
"Aceite de oliva suave 0,4º La Masía garrafa 5 l.","8432580111050",la-masia
"Aceite de oliva suave 0,4º Carrefour garrafón 5 l.","8431876161656",carrefour
Aceite de oliva virgen extra Aromas del Sur 5 l.,"8410660002450",nacional
Aceite de oliva virgen extra Carrefour garrafa 5 l.,"8431876065817",carrefour
Aceite de girasol Coosol 1 l.,"8411190102115",coosur
Aceite de Oliva suave Carrefour 1 litro,"8431876161632",Carrefour
Aceite de girasol Carrefour Classic' 1 l.,"8431876144680",carrefour
Salsa ligera con aceite de girasol Carrefour tarro 450 ml.,"8431876267891",carrefour
Tomate frito con aceite de oliva Solis  pack de 2 tarros de 460 g.,"7613035825321",solis
"Aceite de oliva original 0,4º Carbonell 5 l.","8410010009689",carbonell
Aceite de oliva virgen extra arbequina Dcoop 1 l.,"8435291300249",dcoop
Aceite de oliva intenso 1º La Española 1 l.,"8410660302017",la-espanola
Tomate frito con aceite de oliva virgen extra Carrefour pack de 3 briks de 390 g.,"8431876263992",carrefour
Aceite de oliva virgen extra Coosur garrafa de 5 l.,"8411190101057",coosur
Aceite de oliva virgen extra Coosur 1 l.,"8411190037486",coosur
Aceite refinado de semillas Abaco 1 l.,"8410352908718",abaco
Aceite de oliva virgen extra De Nuestra Tierra D.O. Sierra de Segura lata 5 l.,"8431876266924",de-nuestra-tierra
Aceite de oliva virgen extra ecológico Oro de Génave 75 cl.,"8423036000073",oro-de-genave
Aceite de oliva virgen extra arbequina Coosur 1 l.,"8411190101422",coosur
Aceite de oliva virgen extra hojiblanca Carbonell 1 l.,"8410010261841",carbonell
Pasta fresca soles con jamón ibérico Sabores Nuestros Gallo sin aceite de palma 250 g.,"8410069012760",gallo
Aceite de oliva virgen extra Dcoop garrafa 5 l.,"8435291300355",dcoop
Aceite de orujo de oliva 1 l.,"8431876262124",producto-blanco
Aceite de oliva virgen extra ecológico Carbonell 750 ml.,"8410010265023",carbonell
Tomate con aceite de oliva virgen extra ecológico Pedro Luis sin gluten 340 g.,"8425205014188",pedro-luis
Aceite de oliva virgen extra Ybarra 1 l.,"8410086205077",ybarra
Aceite de oliva virgen extra ecológico Carrefour Bio 3 l.,"8431876273151",carrefour-bio
Aceite de oliva virgen Carrefour garrafa 5 l.,"8431876223781",carrefour
Aceite de oliva virgen extra Carrefour 500 ml.,"8431876267846",carrefour
Aceite de oliva virgen Carrefour 1 l.,"8431876223774",carrefour
"Aceite de oliva suave 0,4º Carrefour lata 5 l.","8431876152272",carrefour
Aceite de oliva virgen extra ecológico Coosur 1 l.,"8411190063195",coosur
Aceite de oliva virgen extra temprano picual Casa del Agua 500 ml.,"8437009466544",casa-del-agua
Aceite de girasol Fontasol 1 l.,"8424536938323",fontasol
Aceite de oliva virgen extra Oro Bailén Picual 500 ml.,"8437009466087",oro-bailen
Aceite de oliva intenso 1º La Masía 1 l.,"8413800031105",la-masia
Aceite de oliva intenso 1º La Masía garrafa 5 l.,"8413800031303",la-masia
Aceite de oliva virgen extra hojiblanca Coosur 1 l.,"8411190148502",coosur
Aceite refinado de girasol especial para freír Carrefour 1 l.,"8431876246018",carrefour
"Aceite de oliva original 0,4º Carbonell pack de 2 botellas de 1 l.","8410010264262",carbonell
Aceite de coco La Masía 375 ml.,"8432580271037",la-masia
Aceite de oliva virgen extra De Nuestra Tierra D.O Les Garrigues 50 cl.,"8431876046922",de-nuestra-tierra
Salsa ligera con aceite de girasol Carrefour 500 ml.,"8410086341300",carrefour
Aceite de oliva virgen extra arbequina Carbonell 1 l.,"8410010261865",carbonell
Aceite de oliva virgen extra De Nuestra Tierra 500 ml.,"8431876071092",de-nuestra-tierra
Aceite de oliva virgen extra Capricho Andaluz pack de 10 porciones de 10 ml.,"8436006377556",capricho-andaluz
Aceite de oliva virgen extra variedad picual Dcoop 1 l.,"8435291300263",dcoop
Tomate frito con aceite de oliva virgen extra Carrefour tarro 550 g.,"8431876264005",carrefour
"Aceite de oliva suave 0,4º Abaco 1 l.","8410352103335",abaco
Aceite de sésamo ecológico La Masía 250 ml.,"8432580271129",la-masia
Aceite de oliva virgen extra variedad arbequina ecológico Carrefour Bio 500 ml.,"8431876283198",carrefour-bio
Aceite de oliva virgen extra De Nuestra Tierra garrafa 5 l.,"8431876270525",de-nuestra-tierra
Aceite de oliva Sabor 1º Carbonell 1 l.,"8410010260929",carbonell
Aceite de oliva intenso 1º Carrefour 1 l.,"8431876161649",carrefour
Aceite de oliva virgen extra Carrefour 750 ml.,"8431876267013",carrefour
Aceite de oliva virgen extra picual Carbonell 1 l.,"8410010261834",carbonell
Aceite de oliva virgen extra Óleum del Molino Valderrama 500 ml.,"8437012887183",valderrama
Aceite de oliva virgen extra Carbonell 5 l.,"8410010004400",carbonell
Aceite de oliva virgen extra variedad picual ecológico Carrefour Bio 500 ml.,"8431876283181",carrefour-bio
Aceite de oliva virgen extra picual Carrefour 1 l.,"8431876146745",carrefour
Aceite de oliva virgen extra hojiblanca Carrefour 1 l.,"8431876146769",carrefour
Tomate frito con aceite de oliva Carrefour tarro 350 g.,"3560070587544",carrefour
Aceite de oliva virgen extra Koipe 1 l.,"8410270004516",koipe
Tomate frito con aceite de oliva virgen Carrefour 390 g.,"8431876264852",carrefour
Aceite de oliva virgen extra Retama 1 l.,"8437011354709",retama
Aceite de oliva virgen Carbonell 5 l.,"8410010262275",carbonell
Tomate frito con aceite de oliva virgen extra Orlando pack de 3 briks de 350 g.,"8410066128273",orlando
Aceite de oliva virgen extra Nuñez de Prado 500 ml.,"0740913000017",nunez-de-prado
Aceite de oliva virgen extra ecológico Carrefour Bio 1 l.,"8431876268546",carrefour-bio
Aceite de girasol Fontasol 5 l.,"8424536938040",fontasol
aceite de oliva intenso 1º Abaco 1 l.,"8410352203332",abaco
Aceite de oliva virgen extra arbequina Marqués de Griñón 500 ml.,"8424767000578",marques-de-grinon
Aceite de oliva virgen extra ecológico Carrefour Bio 500 ml.,"8431876060386",carrefour-bio
Aceite de girasol Koipe Sol 5 l.,"8410270027041",koipesol
Aceite de coco ecológico Carrefour Bio 460 ml.,"3560071231217",carrefour-bio
Aceite de oliva virgen serie oro Coosur 5 l.,"8411190040011",coosur
Aceite de oliva virgen extra Marqués de Griñón 500 ml.,"8424767000363",marques-de-grinon
Aceite de oliva virgen extra arbequina Carrefour 1 l.,"8431876146738",carrefour
"Aceite de oliva virgen extra De Nuestra Tierra 2,5 l.","8431876254419",de-nuestra-tierra
Aceite de oliva virgen extra De Nuestra Tierra D.O Priego de Córdoba,"8431876261349",de-nuestra-tierra
Aceite refinado de semillas Abaco 5 l.,"8410352908732",abaco
Aceite de coco ecológico La Masía tarro 430 ml.,"8432580271013",la-masia
Aceite de oliva virgen extra De Nuestra Tierra 500 ml.,"8431876265231",de-nuestra-tierra
Aceite de oliva virgen extra De Nuestra Tierra D.O Sierra de Segura lata 50 cl.,"8431876149739",de-nuestra-tierra
Aceite de oliva virgen extra Retama garrafa 5 l.,"8437011354716",retama
Aceite de oliva virgen extra ecológico Carrefour Bio Hojiblanca 500 ml.,"8431876283204",carrefour-bio
Aceite de oliva virgen extra De Nuestra Tierra lata 1 l.,"8431876262391",de-nuestra-tierra
Mayonesa con aceite de girasol Carrefour tarro 450 ml.,"8431876267877",carrefour
Tomate frito con aceite de oliva virgen extra Carrefour pack de 3 briks de 215 g.,"8431876263985",carrefour
Aceite de oliva virgen extra De Nuestra Tierra lata 500 ml.,"8431876275995",de-nuestra-tierra
Aceite de oliva virgen extra Coosur Gran Selección 750 ml.,"8411190057712",coosur
Aceite de oliva virgen extra ecológico Dcoop 1 l.,"8435291300225",dcoop
"Aceite de oliva 0,4º La Masía 1 l.","8413800030108",la-masia
Tomate frito con aceite de oliva Estilo Kikí sin gluten tarro 350 g.,"8437006098045",las-coronas
Aceite de oliva virgen extra De Nuestra Tierra 1 l.,"8431876240832",de-nuestra-tierra
Aceite de Oliva  suave Carbonell 1 litro ,"8410010000181",Carbonell
Aceite de Oliva suave La Española 1 litro,"8410660101016",La española
Aceite de oliva virgen extra Dcoop 1 l.,"8435291300102",dcoop
Aceite de oliva virgen extra ecológico Maestros de Hojiblanca 75 cl.,"8422767201155",hojiblanca
Aceite girasol Koipe sol 1L,"8410270027010",Koipe
Aceite oliva virgen extra Carbonel 1L,"8410010260042",Carbonel
Aceite de oliva Carbonell 5 l.,"8410010262121",carbonell
Aceite de lino ecológico La Masía 250 ml.,"8432580271112",la-masia
"Aceite refinado de semillas con omegas 3, 6 y 9 y vitaminas E y B6 5 Semillas Koipe 750 ml.","8410270510529",koipe
Aceite de oliva virgen extra Carrefour 1 l.,"8431876065848",carrefour
